fecha_corte,dia_llamada,NIT,Segmento,prob_opera_manana
2026-06-01,2026-06-02,9116,Banca Privada,0.9427271864758671
2026-06-01,2026-06-02,1840,CIB,0.9801490121529514
2026-06-01,2026-06-02,5807,CIB,0.9733111288568471
2026-06-01,2026-06-02,3658,CIB,0.9701144129438755
2026-06-01,2026-06-02,9371,CIB,0.9696778883096591
2026-06-01,2026-06-02,10704,CIB,0.9651204363582879
2026-06-01,2026-06-02,5685,CIB,0.9628885028671361
2026-06-01,2026-06-02,789,CIB,0.9625754559766302
2026-06-01,2026-06-02,3341,CIB,0.9616873483331333
2026-06-01,2026-06-02,5789,CIB,0.9615525315489918
2026-06-01,2026-06-02,2978,CIB,0.9610311551289445
2026-06-01,2026-06-02,4203,CIB,0.9608690965025078
2026-06-01,2026-06-02,7063,Constructor,0.8130172347404129
2026-06-01,2026-06-02,9736,Grandes Empresas,0.9763439634721989
2026-06-01,2026-06-02,1334,Grandes Empresas,0.967872308398166
2026-06-01,2026-06-02,5698,Grandes Empresas,0.9658251331369909
2026-06-01,2026-06-02,7503,Grandes Empresas,0.9643225323092999
2026-06-01,2026-06-02,10166,Grandes Empresas,0.9642732929638541
2026-06-01,2026-06-02,1666,Grandes Empresas,0.9618460788451917
2026-06-01,2026-06-02,7338,Grandes Empresas,0.9611427712542158
2026-06-01,2026-06-02,3150,Grandes Empresas,0.9609965808044882
2026-06-01,2026-06-02,2155,Grandes Empresas,0.9609172694437051
2026-06-01,2026-06-02,5888,Grandes Empresas,0.9601489477016113
2026-06-01,2026-06-02,2304,Grandes Empresas,0.9597567664686599
2026-06-01,2026-06-02,5810,Grandes Empresas,0.9587504539004815
2026-06-01,2026-06-02,2448,Grandes Empresas,0.9586413636527995
2026-06-01,2026-06-02,5215,Grandes Empresas,0.9578601076612321
2026-06-01,2026-06-02,6533,Grandes Empresas,0.9576296161273625
2026-06-01,2026-06-02,2016,Grandes Empresas,0.9576206578697236
2026-06-01,2026-06-02,5761,Institucional,0.9684690503191542
2026-06-01,2026-06-02,1024,Institucional,0.9669740368447337
2026-06-01,2026-06-02,1418,Institucional,0.9644809149268622
2026-06-01,2026-06-02,8484,Itaú Sucursales,0.9714575807720686
2026-06-01,2026-06-02,134,Personal Bank,0.5596031537463774
2026-06-01,2026-06-02,9602,Pymes,0.9807661203895467
2026-06-01,2026-06-02,9880,Pymes,0.9662392290606752
2026-06-01,2026-06-02,5330,Pymes,0.966135489823988
2026-06-01,2026-06-02,3376,Pymes,0.9656497329669106
2026-06-01,2026-06-02,899,Pymes,0.9656497329669106
2026-06-01,2026-06-02,9989,Pymes,0.9535162979961781
2026-06-01,2026-06-02,9688,Pymes,0.9508302259894004
2026-06-01,2026-06-02,10677,Pymes,0.9466588049954627
2026-06-01,2026-06-02,9339,Pymes,0.9465416422512289
2026-06-01,2026-06-02,7120,Recuperaciones,0.9438819518118121
2026-06-01,2026-06-02,8672,Sin informacion,0.8402783907729102
2026-06-02,2026-06-03,9116,Banca Privada,0.9479392202318132
2026-06-02,2026-06-03,1840,CIB,0.9772800542360622
2026-06-02,2026-06-03,789,CIB,0.9747037735326406
2026-06-02,2026-06-03,5807,CIB,0.9734373272891566
2026-06-02,2026-06-03,10344,CIB,0.9712295967349462
2026-06-02,2026-06-03,5685,CIB,0.9670848599570505
2026-06-02,2026-06-03,9371,CIB,0.9668101640995036
2026-06-02,2026-06-03,4441,CIB,0.9664297982627602
2026-06-02,2026-06-03,869,CIB,0.9661142049916684
2026-06-02,2026-06-03,5789,CIB,0.9655506034040762
2026-06-02,2026-06-03,7684,CIB,0.9653109699145801
2026-06-02,2026-06-03,5410,CIB,0.9652643207125796
2026-06-02,2026-06-03,7063,Constructor,0.8704682410647105
2026-06-02,2026-06-03,9736,Grandes Empresas,0.9764618862519342
2026-06-02,2026-06-03,3150,Grandes Empresas,0.9742113614044997
2026-06-02,2026-06-03,2016,Grandes Empresas,0.9734277406114314
2026-06-02,2026-06-03,1334,Grandes Empresas,0.9714420718864447
2026-06-02,2026-06-03,10166,Grandes Empresas,0.9705762913571435
2026-06-02,2026-06-03,5698,Grandes Empresas,0.9690184728551123
2026-06-02,2026-06-03,7503,Grandes Empresas,0.9675067109037399
2026-06-02,2026-06-03,7338,Grandes Empresas,0.9652894087974876
2026-06-02,2026-06-03,5324,Grandes Empresas,0.9644955867745753
2026-06-02,2026-06-03,6305,Grandes Empresas,0.963817602958489
2026-06-02,2026-06-03,5810,Grandes Empresas,0.9630287044269795
2026-06-02,2026-06-03,5888,Grandes Empresas,0.9627616657702808
2026-06-02,2026-06-03,2155,Grandes Empresas,0.962542607847143
2026-06-02,2026-06-03,1666,Grandes Empresas,0.9620243746042489
2026-06-02,2026-06-03,2304,Grandes Empresas,0.9614284296008455
2026-06-02,2026-06-03,2448,Grandes Empresas,0.9613489432293906
2026-06-02,2026-06-03,1418,Institucional,0.9687536344878543
2026-06-02,2026-06-03,1292,Institucional,0.9686793556908406
2026-06-02,2026-06-03,1215,Institucional,0.9657188554951721
2026-06-02,2026-06-03,8484,Itaú Sucursales,0.9691435177431262
2026-06-02,2026-06-03,134,Personal Bank,0.5559985912535559
2026-06-02,2026-06-03,9602,Pymes,0.9775044708749624
2026-06-02,2026-06-03,5330,Pymes,0.9691630379242075
2026-06-02,2026-06-03,9880,Pymes,0.9681605278900156
2026-06-02,2026-06-03,899,Pymes,0.966804739733738
2026-06-02,2026-06-03,3376,Pymes,0.966804739733738
2026-06-02,2026-06-03,2398,Pymes,0.9530320875474695
2026-06-02,2026-06-03,9339,Pymes,0.9487329255126384
2026-06-02,2026-06-03,7470,Pymes,0.9483753638497227
2026-06-02,2026-06-03,9989,Pymes,0.9481995460347818
2026-06-02,2026-06-03,7120,Recuperaciones,0.945074000844336
2026-06-02,2026-06-03,8672,Sin informacion,0.8433958517410525
2026-06-03,2026-06-04,9116,Banca Privada,0.9484094955312034
2026-06-03,2026-06-04,1840,CIB,0.9772800542360622
2026-06-03,2026-06-04,789,CIB,0.9747037735326406
2026-06-03,2026-06-04,5807,CIB,0.9733255917539476
2026-06-03,2026-06-04,10344,CIB,0.9712295967349462
2026-06-03,2026-06-04,4441,CIB,0.9674246978639098
2026-06-03,2026-06-04,5685,CIB,0.9670848599570505
2026-06-03,2026-06-04,9371,CIB,0.9668101640995036
2026-06-03,2026-06-04,869,CIB,0.9661142049916684
2026-06-03,2026-06-04,5789,CIB,0.9658675198578399
2026-06-03,2026-06-04,2978,CIB,0.9655093941287831
2026-06-03,2026-06-04,7684,CIB,0.9653109699145801
2026-06-03,2026-06-04,7063,Constructor,0.8704682410647105
2026-06-03,2026-06-04,9736,Grandes Empresas,0.9764618862519342
2026-06-03,2026-06-04,2016,Grandes Empresas,0.9740963789159618
2026-06-03,2026-06-04,3150,Grandes Empresas,0.9740494185254217
2026-06-03,2026-06-04,1334,Grandes Empresas,0.9713221905967153
2026-06-03,2026-06-04,10166,Grandes Empresas,0.9696927234706884
2026-06-03,2026-06-04,5698,Grandes Empresas,0.969406284891302
2026-06-03,2026-06-04,7503,Grandes Empresas,0.9678062321922346
2026-06-03,2026-06-04,7338,Grandes Empresas,0.9657222482899048
2026-06-03,2026-06-04,5324,Grandes Empresas,0.9649379656346246
2026-06-03,2026-06-04,6305,Grandes Empresas,0.963817602958489
2026-06-03,2026-06-04,5810,Grandes Empresas,0.9633679408425473
2026-06-03,2026-06-04,2155,Grandes Empresas,0.9630083872061196
2026-06-03,2026-06-04,5888,Grandes Empresas,0.9627616657702808
2026-06-03,2026-06-04,2304,Grandes Empresas,0.9619075153697199
2026-06-03,2026-06-04,1666,Grandes Empresas,0.9618665113180805
2026-06-03,2026-06-04,2448,Grandes Empresas,0.9613489432293906
2026-06-03,2026-06-04,1418,Institucional,0.9687536344878543
2026-06-03,2026-06-04,1292,Institucional,0.9684837977319353
2026-06-03,2026-06-04,1215,Institucional,0.9657188554951721
2026-06-03,2026-06-04,8484,Itaú Sucursales,0.9696332908088767
2026-06-03,2026-06-04,134,Personal Bank,0.5592046223630371
2026-06-03,2026-06-04,9602,Pymes,0.9775044708749624
2026-06-03,2026-06-04,5330,Pymes,0.9695490972291931
2026-06-03,2026-06-04,9880,Pymes,0.968454218837535
2026-06-03,2026-06-04,3376,Pymes,0.9672193248193444
2026-06-03,2026-06-04,899,Pymes,0.9672193248193444
2026-06-03,2026-06-04,2398,Pymes,0.9534586166925167
2026-06-03,2026-06-04,9339,Pymes,0.9493613928819007
2026-06-03,2026-06-04,7470,Pymes,0.9488419119980789
2026-06-03,2026-06-04,9989,Pymes,0.9477338280007913
2026-06-03,2026-06-04,7120,Recuperaciones,0.945074000844336
2026-06-03,2026-06-04,3034,Sin informacion,0.8429243952316191
2026-06-04,2026-06-05,9116,Banca Privada,0.9484094955312034
2026-06-04,2026-06-05,1840,CIB,0.9767776728416915
2026-06-04,2026-06-05,789,CIB,0.9747037735326406
2026-06-04,2026-06-05,5807,CIB,0.9733255917539476
2026-06-04,2026-06-05,10344,CIB,0.9712295967349462
2026-06-04,2026-06-05,4441,CIB,0.9674246978639098
2026-06-04,2026-06-05,9371,CIB,0.9664458919380398
2026-06-04,2026-06-05,869,CIB,0.9661142049916684
2026-06-04,2026-06-05,5789,CIB,0.9658675198578399
2026-06-04,2026-06-05,2978,CIB,0.9655093941287831
2026-06-04,2026-06-05,7684,CIB,0.9653109699145801
2026-06-04,2026-06-05,5410,CIB,0.9652643207125796
2026-06-04,2026-06-05,7063,Constructor,0.8707575808127476
2026-06-04,2026-06-05,9736,Grandes Empresas,0.9764618862519342
2026-06-04,2026-06-05,2016,Grandes Empresas,0.9740963789159618
2026-06-04,2026-06-05,3150,Grandes Empresas,0.9740494185254217
2026-06-04,2026-06-05,1334,Grandes Empresas,0.9713485214892079
2026-06-04,2026-06-05,10166,Grandes Empresas,0.9697205038398385
2026-06-04,2026-06-05,5698,Grandes Empresas,0.969406284891302
2026-06-04,2026-06-05,7503,Grandes Empresas,0.9678062321922346
2026-06-04,2026-06-05,5324,Grandes Empresas,0.9657731698721033
2026-06-04,2026-06-05,7338,Grandes Empresas,0.9657222482899048
2026-06-04,2026-06-05,6305,Grandes Empresas,0.963817602958489
2026-06-04,2026-06-05,5810,Grandes Empresas,0.9633184036504755
2026-06-04,2026-06-05,2155,Grandes Empresas,0.9630420610771568
2026-06-04,2026-06-05,5888,Grandes Empresas,0.9619650610622767
2026-06-04,2026-06-05,2304,Grandes Empresas,0.9619421517723192
2026-06-04,2026-06-05,1666,Grandes Empresas,0.9618665113180805
2026-06-04,2026-06-05,2448,Grandes Empresas,0.9605233566450729
2026-06-04,2026-06-05,1418,Institucional,0.9689450359676919
2026-06-04,2026-06-05,1292,Institucional,0.9684837977319353
2026-06-04,2026-06-05,1215,Institucional,0.9657332378322143
2026-06-04,2026-06-05,8484,Itaú Sucursales,0.9696332908088767
2026-06-04,2026-06-05,134,Personal Bank,0.543491189824232
2026-06-04,2026-06-05,9602,Pymes,0.9775044708749624
2026-06-04,2026-06-05,5330,Pymes,0.96957700511916
2026-06-04,2026-06-05,9880,Pymes,0.9684830975518328
2026-06-04,2026-06-05,3376,Pymes,0.9672492957921099
2026-06-04,2026-06-05,899,Pymes,0.9672492957921099
2026-06-04,2026-06-05,2398,Pymes,0.9534586166925167
2026-06-04,2026-06-05,9339,Pymes,0.9494068370992863
2026-06-04,2026-06-05,7470,Pymes,0.9488419119980789
2026-06-04,2026-06-05,3643,Pymes,0.9472022192358175
2026-06-04,2026-06-05,7120,Recuperaciones,0.943437028493016
2026-06-04,2026-06-05,3034,Sin informacion,0.8443059546698795
2026-06-05,2026-06-06,9116,Banca Privada,0.9456481943478036
2026-06-05,2026-06-06,1840,CIB,0.9730284534911134
2026-06-05,2026-06-06,5807,CIB,0.9704573794725639
2026-06-05,2026-06-06,4441,CIB,0.970366642865122
2026-06-05,2026-06-06,789,CIB,0.9629667924092449
2026-06-05,2026-06-06,1494,CIB,0.9622669755317043
2026-06-05,2026-06-06,3658,CIB,0.9607345083284553
2026-06-05,2026-06-06,2458,CIB,0.9605434871550617
2026-06-05,2026-06-06,5789,CIB,0.9602203798430656
2026-06-05,2026-06-06,2978,CIB,0.9599251947011176
2026-06-05,2026-06-06,9371,CIB,0.9597431357199562
2026-06-05,2026-06-06,4203,CIB,0.9595998343427358
2026-06-05,2026-06-06,7063,Constructor,0.791202341483444
2026-06-05,2026-06-06,2016,Grandes Empresas,0.9748649876212601
2026-06-05,2026-06-06,9736,Grandes Empresas,0.9685414835584334
2026-06-05,2026-06-06,1334,Grandes Empresas,0.9675163642995956
2026-06-05,2026-06-06,5698,Grandes Empresas,0.9664066375133806
2026-06-05,2026-06-06,10166,Grandes Empresas,0.9640458624389144
2026-06-05,2026-06-06,7503,Grandes Empresas,0.9627368505510127
2026-06-05,2026-06-06,3150,Grandes Empresas,0.9625692936593849
2026-06-05,2026-06-06,5324,Grandes Empresas,0.9618205505613038
2026-06-05,2026-06-06,7338,Grandes Empresas,0.9612583555914577
2026-06-05,2026-06-06,5213,Grandes Empresas,0.9597553223267198
2026-06-05,2026-06-06,1666,Grandes Empresas,0.9586715786391502
2026-06-05,2026-06-06,9550,Grandes Empresas,0.9571516721480512
2026-06-05,2026-06-06,6305,Grandes Empresas,0.9569400544013495
2026-06-05,2026-06-06,954,Grandes Empresas,0.9568859052825206
2026-06-05,2026-06-06,5888,Grandes Empresas,0.955470298649522
2026-06-05,2026-06-06,7388,Grandes Empresas,0.9550720663137874
2026-06-05,2026-06-06,5761,Institucional,0.9646676505650565
2026-06-05,2026-06-06,1418,Institucional,0.9582205350381137
2026-06-05,2026-06-06,1292,Institucional,0.9577678270588611
2026-06-05,2026-06-06,8484,Itaú Sucursales,0.9661403890263435
2026-06-05,2026-06-06,134,Personal Bank,0.5787798305142476
2026-06-05,2026-06-06,9602,Pymes,0.9752116479138425
2026-06-05,2026-06-06,5330,Pymes,0.9650128504881077
2026-06-05,2026-06-06,9880,Pymes,0.963449634726992
2026-06-05,2026-06-06,3376,Pymes,0.9623997022669641
2026-06-05,2026-06-06,899,Pymes,0.9623997022669641
2026-06-05,2026-06-06,3643,Pymes,0.9533665901656675
2026-06-05,2026-06-06,7470,Pymes,0.9443523105191032
2026-06-05,2026-06-06,2398,Pymes,0.9432320847240514
2026-06-05,2026-06-06,6232,Pymes,0.9394361019847172
2026-06-05,2026-06-06,7120,Recuperaciones,0.9382797087780991
2026-06-05,2026-06-06,8672,Sin informacion,0.8272849561822061
